abieamab.zip, Abies amabilis, Pacific silver fir
abiebals.zip, Abies balsamea, balsam fir
abiebrac.zip, Abies bracteata, bristlecone fir
abieconc.zip, Abies concolor, white fir
abiefras.zip, Abies fraseri, Fraser fir
abiegran.zip, Abies grandis, grand fir
abielasi.zip, Abies lasiocarpa, subalpine fir
abiemagn.zip, Abies magnifica, California red fir
abieproc.zip, Abies procera, noble fir
acacberl.zip, Acacia berlandieri, Berlandier acacia
acacchor.zip, Acacia choriophylla, cinnecord
acacfarn.zip, Acacia farnesiana, sweet acacia
acacgreg.zip, Acacia greggii, catclaw acacia
acacmacr.zip, Acacia macracantha, long spine acacia
acacrigi.zip, Acacia rigidula, blackbrush acacia
acacroem.zip, Acacia roemeriana, Roemer acacia
acactort.zip, Acacia tortuosa, twisted acacia
acacwrig.zip, Acacia wrightii, Wright acacia
acerbarb.zip, Acer barbatum, Florida maple
acercirc.zip, Acer circinatum, vine maple
acerglab.zip, Acer glabrum, Rocky Mountain maple
acergran.zip, Acer grandidentatum, bigtooth maple
acerleuc.zip, Acer leucoderme, chalk maple
acermacr.zip, Acer macrophyllum, bigleaf maple
acernegu.zip, Acer negundo, boxelder
acernigr.zip, Acer nigrum, black maple
acerpens.zip, Acer pensylvanicum, striped maple
acerrubr.zip, Acer rubrum, red maple
acersacc.zip, Acer saccharinum, silver maple
acersacr.zip, Acer saccharum, sugar maple
acerspic.zip, Acer spicatum, mountain maple
acoewrig.zip, Acoelorrhaphe wrightii, paurotis palm
aesccali.zip, Aesculus californica, California buckeye
aescglab.zip, Aesculus glabra, Ohio buckeye
aescocta.zip, Aesculus octandra, yellow buckeye
aescparv.zip, Aesculus parviflora, bottlebrush buckeye
aescpavi.zip, Aesculus pavia, red buckeye
aescsylv.zip, Aesculus sylvatica, painted buckeye
agavutah.zip, Agave utahensis, Utah agave
alnumari.zip, Alnus maritima, seaside alder
alnuoblo.zip, Alnus oblongifolia, Arizona alder
alnurhom.zip, Alnus rhombifolia, white alder
alnurubr.zip, Alnus rubra, red alder
alnurugo.zip, Alnus rugosa, speckled alder
alnuserr.zip, Alnus serrulata, hazel alder
alnusinu.zip, Alnus sinuata, Sitka alder
alnutenu.zip, Alnus tenuifolia, thinleaf alder
alvaamor.zip, Alvaradoa amorphoides, Mexican alvaradoa
amelalni.zip, Amelanchier alnifolia, western serviceberry
amelarbo.zip, Amelanchier arborea, downy serviceberry
amelinte.zip, Amelanchier interior, inland serviceberry
amelsang.zip, Amelanchier sanguinea, roundleaf serviceberry
amelutah.zip, Amelanchier utahensis, Utah serviceberry
amphlati.zip, Amphitecna latifolia , black calabash
amyrbals.zip, Amyris balsamifera, balsam torchwood
amyrelem.zip, Amyris elemifera, torchwood
annoglab.zip, Annona glabra, pond apple
aralspin.zip, Aralia spinosa, devils walkingstick
arbuariz.zip, Arbutus arizonica, Arizona madrone
arbumenz.zip, Arbutus menziesii, Pacific madrone
arbutexa.zip, Arbutus texana, Texas madrone
arctprin.zip, Arctostaphylos pringlei, Pringle manzanita
ardiesca.zip, Ardisia escallonioides, marlberry
artetrid.zip, Artemisia tridentata, big sagebrush
asimparv.zip, Asimina parviflora, smallflower pawpaw
asimtril.zip, Asimina triloba, pawpaw
avicgerm.zip, Avicennia germinans, black mangrove
bacchali.zip, Baccharis halimifolia, eastern baccharis
betualle.zip, Betula alleghaniensis, yellow birch
betulent.zip, Betula lenta, sweet birch
betunana.zip, Betula nana , dwarf birch
betunigr.zip, Betula nigra, river birch
betuocci.zip, Betula occidentalis, water birch
betupapy.zip, Betula papyrifera, paper birch
betupopu.zip, Betula populifolia, gray birch
betuuber.zip, Betula uber, Ashe birch
bourovat.zip, Bourreria ovata, Bahama strongbark
bourradu.zip, Bourreria radula, rough strongbark
bumecela.zip, Bumelia celastrina, saffron plum
bumelanu.zip, Bumelia lanuginosa, gum bumelia
bumelyci.zip, Bumelia lycioides, buckthorn bumelia
bumetena.zip, Bumelia tenax, tough bumelia
bursfaga.zip, Bursera fagaroides, fragrant bursera
bursmicr.zip, Bursera microphylla, elephanttree
burssima.zip, Bursera simaruba, gumbo limbo
byrsluci.zip, Byrsonima lucida, key byrsonima
caesmexi.zip, Caesalpinia mexicana, Mexican poinciana
calypall.zip, Calyptranthes pallens, pale lidflower
calyzuzy.zip, Calyptranthes zuzygium, myrtle of the river
canewint.zip, Canella winterana, canella
canoholo.zip, Canotia holacantha, canotia
cappcyno.zip, Capparis cynophallophora, Jamaica caper
cappflex.zip, Capparis flexuosa, limber caper
carpcaro.zip, Carpinus caroliniana, American hornbeam
caryaqua.zip, Carya aquatica, water hickory
carycord.zip, Carya cordiformis, bitternut hickory
caryflor.zip, Carya floridana, scrub hickory
caryglab.zip, Carya glabra, pignut hickory
caryilli.zip, Carya illinoensis, pecan
carylaci.zip, Carya laciniosa, shellbark hickory
carymyri.zip, Carya myristicaeformis, nutmeg hickory
caryovat.zip, Carya ovata, shagbark hickory
carypall.zip, Carya pallida, sand hickory
carytexa.zip, Carya texana, black hickory
carytome.zip, Carya tomentosa, mockernut hickory
castalni.zip, Castanea alnifolia, Florida chinkapin
castchry.zip, Castanopsis chrysophylla, golden chinkapin
castdent.zip, Castanea dentata, American chestnut
castozar.zip, Castanea ozarkensis, Ozark chinkapin
castpumi.zip, Castanea pumila, Allegheny chinkapin
catabign.zip, Catalpa bignonioides, southern catalpa
cataspec.zip, Catalpa speciosa, northern catalpa
ceanarbo.zip, Ceanothus arboreus, feltleaf ceanothus
ceanspin.zip, Ceanothus spinosus, spiny ceanothus
ceanthyr.zip, Ceanothus thyrsiflorus, blueblossom
celtlaev.zip, Celtis laevigata, sugarberry
celtlind.zip, Celtis lindheimeri, Lindheimer hackberry
celtocci.zip, Celtis occidentalis, hackberry
celtreti.zip, Celtis reticulata, netleaf hackberry
celttenu.zip, Celtis tenuifolia, Georgia hackberry
cephocci.zip, Cephalanthus occidentalis, common buttonbush
cercbetu.zip, Cercocarpus betuloides, birchleaf cercocarpus
cercbrev.zip, Cercocarpus breviflorus, hairy cercocarpus
cerccana.zip, Cercis canadensis, eastern redbud
cercflor.zip, Cercidium floridum, blue paloverde
cercledi.zip, Cercocarpus ledifolius, curlleaf cercocarpus
cercmacr.zip, Cercidium macrum, border paloverde
cercmicr.zip, Cercidium microphyllum, yellow paloverde
cercocci.zip, Cercis occidentalis, California redbud
cerctras.zip, Cercocarpus traskiae, Catalina cercocarpus
ceregiga.zip, Cereus giganteus, saguaro
cererobi.zip, Cereus robinii, key tree cactus
chamlaws.zip, Chamaecyparis lawsoniana, Port Orford cedar
chamnoot.zip, Chamaecyparis nootkatensis, Alaska cedar
chamthyo.zip, Chamaecyparis thyoides, Atlantic white cedar
chilline.zip, Chilopsis linearis, desert willow
chiovirg.zip, Chionanthus virginicus, fringetree
chryicac.zip, Chrysobalanus icaco, cocoplum
chryoliv.zip, Chrysophyllum oliviforme , satinleaf
cithberl.zip, Citharexylum berlandieri, Berlandier fiddlewood
cithfrut.zip, Citharexylum fruticosum, Florida fiddlewood
cladkent.zip, Cladrastis kentukea, yellowwood
cletacum.zip, Clethra acuminata, cinnamon clethra
clifmono.zip, Cliftonia monophylla, buckwheat tree
clusrose.zip, Clusia rosea, Florida clusia
coccarge.zip, Coccothrinax argentata, Florida silverpalm
coccdive.zip, Coccoloba diversifolia, pigeon plum
coccuvif.zip, Coccoloba uvifera, seagrape
coluarbo.zip, Colubrina arborescens , coffee colubrina 
colucube.zip, Colubrina cubensis, Cuba colubrina
coluelli.zip, Colubrina elliptica, soldierwood
condglob.zip, Condalia globosa, bitter condalia
condhook.zip, Condalia hookeri, bluewood
conoerec.zip, Conocarpus erectus, button mangrove
cordbois.zip, Cordia boissieri, anacahuita
cordsebe.zip, Cordia sebestena, Geiger tree
cornalte.zip, Cornus alternifolia, alternate leaf dogwood
corndrum.zip, Cornus drummondii, roughleaf dogwood
cornflor.zip, Cornus florida, flowering dogwood
cornglab.zip, Cornus glabrata, brown dogwood
cornnutt.zip, Cornus nuttallii, Pacific dogwood
cornocci.zip, Cornus occidentalis, western dogwood
cornrace.zip, Cornus racemosa, gray dogwood
cornrugo.zip, Cornus rugosa, roundleaf dogwood
cornsess.zip, Cornus sessilis, blackfruit dogwood
cornstol.zip, Cornus stolonifera, red osier dogwood
cornstri.zip, Cornus stricta, stiffcornel dogwood
corycorn.zip, Corylus cornuta, beaked hazel
cotiobov.zip, Cotinus obovatus, American smoketree
cowamexi.zip, Cowania mexicana, cliffrose
cratchry.zip, Crataegus chrysocarpa, fireberry hawthorn
cratcolu.zip, Crataegus columbiana, Columbia hawthorn
cratdoug.zip, Crataegus douglasii, black hawthorn
crateryt.zip, Crataegus erythropoda, Cerro hawthorn
cratsali.zip, Crataegus saligna, willow hawthorn
cratsucc.zip, Crataegus succulenta, fleshy hawthorn
crattrac.zip, Crataegus tracyi, Tracy hawthorn
crosrhac.zip, Crossopetalum rhacoma, Florida crossopetalum
cupaglab.zip, Cupania glabra, Florida cupania
cuprariz.zip, Cupressus arizonica, Arizona cypress
cuprbake.zip, Cupressus bakeri, Modoc cypress
cuprgove.zip, Cupressus goveniana, Gowen cypress
cuprguad.zip, Cupressus guadalupensis, Tecate cypress
cuprmacn.zip, Cupressus macnabiana, MacNab cypress
cuprmacr.zip, Cupressus macrocarpa, Monterey cypress
cuprsarg.zip, Cupressus sargentii, Sargent cypress
cyrirace.zip, Cyrilla racemiflora, swamp cyrilla
dalespin.zip, Dalea spinosa, smokethorn
diostexa.zip, Diospyros texana, Texas persimmon
diosvirg.zip, Diospyros virginiana, common persimmon
diphsali.zip, Dipholis salicifolia, willow bustic
dodovisc.zip, Dodonaea viscosa, hopbush
drypdive.zip, Drypetes diversifolia, milkbark
dryplate.zip, Drypetes lateriflora, Guiana plum
ehreanac.zip, Ehretia anacua, anaqua
ellirace.zip, Elliottia racemosa, elliottia
erytflab.zip, Erythrina flabelliformis, southwestern coralbean
erytherb.zip, Erythrina herbacea, eastern coralbean
esenberl.zip, Esenbeckia berlandieri, Berlandier esenbeckia
eugeaxil.zip, Eugenia axillaris, white stopper
eugeconf.zip, Eugenia confusa, redberry stopper 
eugefoet.zip, Eugenia foetida, boxleaf stopper
eugerhom.zip, Eugenia rhombea, red stopper
euonatro.zip, Euonymus atropurpureus, eastern wahoo
euonocci.zip, Euonymus occidentalis, western wahoo
exoscari.zip, Exostema caribaeum, princewood
exotpani.zip, Exothea paniculata , inkwood
eysepoly.zip, Eysenhardtia polystachya, kidneywood
eysetexa.zip, Eysenhardtia texana, Texas kidneywood
fagugran.zip, Fagus grandifolia, American beech
ficuaure.zip, Ficus aurea, Florida strangler fig
ficucitr.zip, Ficus citrifolia, shortleaf fig
foreacum.zip, Forestiera acuminata, swamp privet
foreangu.zip, Forestiera angustifolia, Texas forestiera
forephil.zip, Forestiera phillyreoides, desert olive forestiera
foresegr.zip, Forestiera segregata, Florida privet
franalat.zip, Franklinia alatamaha, franklinia
fraxamer.zip, Fraxinus americana, white ash
fraxanom.zip, Fraxinus anomala, singleleaf ash
fraxberl.zip, Fraxinus berlandieriana, Berlandier ash
fraxcaro.zip, Fraxinus caroliniana, Carolina ash
fraxcusp.zip, Fraxinus cuspidata, fragrant ash
fraxdipe.zip, Fraxinus dipetala, two petal ash
fraxgood.zip, Fraxinus gooddingii, Goodding ash
fraxgreg.zip, Fraxinus greggii, Gregg ash
fraxlati.zip, Fraxinus latifolia, Oregon ash
fraxnigr.zip, Fraxinus nigra, black ash
fraxpapi.zip, Fraxinus papillosa, Chihuahua ash
fraxpenn.zip, Fraxinus pennsylvanica, green ash
fraxprof.zip, Fraxinus profunda, pumpkin ash
fraxquad.zip, Fraxinus quadrangulata, blue ash
fraxtexe.zip, Fraxinus texensis, Texas ash
fraxvelu.zip, Fraxinus velutina, velvet ash
fremcali.zip, Fremontodendron californicum, California fremontia
fremmexi.zip, Fremontodendron mexicanum, Mexican fremontia
garrelli.zip, Garrya elliptica, wavyleaf silktassel
geniclus.zip, Genipa clusiifolia, seven year apple
gledaqua.zip, Gleditsia aquatica, waterlocust
gledtria.zip, Gleditsia triacanthos, honeylocust
gordlasi.zip, Gordonia lasianthus, loblolly bay
guaiangu.zip, Guaiacum angustifolium, Texas lignumvitae
guaisanc.zip, Guaiacum sanctum, roughbark lignumvitae
guapdisc.zip, Guapira discolor, blolly
guetelli.zip, Guettarda elliptica, elliptic leaf velvetseed
guetscab.zip, Guettarda scabra, roughleaf velvetseed
gymilati.zip, Gyminda latifolia, falsebox
gymndioi.zip, Gymnocladus dioicus, Kentucky coffeetree
gymnluci.zip, Gymnanthes lucida, oysterwood
halecaro.zip, Halesia carolina, Carolina silverbell
haledipt.zip, Halesia diptera, two wing silverbell
haleparv.zip, Halesia parviflora, little silverbell
hamavirg.zip, Hamamelis virginiana, witch hazel
hamepate.zip, Hamelia patens, scarletbush
heliparv.zip, Helietta parvifolia, barreta
hippmanc.zip, Hippomane mancinella, manchineel
holaemor.zip, Holacantha emoryi, holacantha
hypetrif.zip, Hypelate trifoliata, hypelate
ilexambi.zip, Ilex ambigua, Carolina holly
ilexamel.zip, Ilex amelanchier, sarvis holly
ilexcass.zip, Ilex cassine, dahoon
ilexcori.zip, Ilex coriacea, large gallberry
ilexdeci.zip, Ilex decidua, possumhaw
ilexkrug.zip, Ilex krugiana, tawnyberry holly
ilexlaev.zip, Ilex laevigata, smooth winterberry
ilexlong.zip, Ilex longipes, Georgia holly
ilexmont.zip, Ilex montana, mountain winterberry
ilexmyrt.zip, Ilex myrtifolia, myrtle dahoon
ilexopac.zip, Ilex opaca, American holly
ilexvert.zip, Ilex verticillata, common winterberry
ilexvomi.zip, Ilex vomitoria, yaupon
illiflor.zip, Illicium floridanum, Florida anise tree
illiparv.zip, Illicium parviflorum, yellow anise tree
jacqkeye.zip, Jacquinia keyensis, joewood
juglcali.zip, Juglans californica, California walnut
juglcine.zip, Juglans cinerea, butternut
juglhind.zip, Juglans hindsii, Hinds walnut
juglmajo.zip, Juglans major, Arizona walnut
juglmicr.zip, Juglans microcarpa, little walnut
juglnigr.zip, Juglans nigra, black walnut
juniashe.zip, Juniperus ashei, Ashe juniper
junicali.zip, Juniperus californica, California juniper
junicomm.zip, Juniperus communis, common juniper
junidepp.zip, Juniperus deppeana, alligator juniper
junieryt.zip, Juniperus erythrocarpa, redberry juniper
juniflac.zip, Juniperus flaccida, drooping juniper
junihori.zip, Juniperus horizontalis, creeping juniper
junimono.zip, Juniperus monosperma, one seed juniper
juniocci.zip, Juniperus occidentalis, western juniper
junioste.zip, Juniperus osteosperma, Utah juniper
junipinc.zip, Juniperus pinchotii, Pinchot juniper
juniscop.zip, Juniperus scopulorum, Rocky Mountain juniper
junisili.zip, Juniperus silicicola, southern redcedar
junivirg.zip, Juniperus virginiana, eastern redcedar
kalmlati.zip, Kalmia latifolia, mountain laurel
koebspin.zip, Koeberlinia spinosa, allthorn
krugferr.zip, Krugiodendron ferreum, leadwood
lagurace.zip, Laguncularia racemosa, white mangrove
larilari.zip, Larix laricina, tamarack
larilyal.zip, Larix lyallii, subalpine larch
lariocci.zip, Larix occidentalis, western larch
larrdiva.zip, Larrea divaricata, creosote bush
leitflor.zip, Leitneria floridana, corkwood
leucpulv.zip, Leucaena pulverulenta, great leadtree
leucretu.zip, Leucaena retusa, littleleaf leadtree
libodecu.zip, Libocedrus decurrens, incense cedar
licatria.zip, Licaria triandra , Florida licaria
liqustyr.zip, Liquidambar styraciflua, sweetgum
lirituli.zip, Liriodendron tulipifera, yellow poplar
lithdens.zip, Lithocarpus densiflorus, tanoak
lyonferr.zip, Lyonia ferruginea, tree lyonia
lyonflor.zip, Lyonothamnus floribundus, Lyontree
lysilati.zip, Lysiloma latisiliquum, Bahama lysiloma
lysimicr.zip, Lysiloma microphylla, littleleaf lysiloma
maclpomi.zip, Maclura pomifera, Osage orange
magnacum.zip, Magnolia acuminata, cucumbertree
magnashe.zip, Magnolia ashei, Ashe magnolia
magnfras.zip, Magnolia fraseri, Fraser magnolia
magngran.zip, Magnolia grandiflora, southern magnolia
magnmacr.zip, Magnolia macrophylla, bigleaf magnolia
magnpyra.zip, Magnolia pyramidata, pyramid magnolia
magntrip.zip, Magnolia tripetala, umbrella magnolia
magnvirg.zip, Magnolia virginiana, sweetbay
maluangu.zip, Malus angustifolia, southern crab apple
malucoro.zip, Malus coronaria, sweet crab apple
maludive.zip, Malus diversifolia, Oregon crab apple
maluioen.zip, Malus ioensis, prairie crab apple
manibaha.zip, Manilkara bahamensis, wild dilly
mastfoet.zip, Mastichodendron foetidissimum, false mastic
maytphyl.zip, Maytenus phyllanthoides, Florida mayten
metotoxi.zip, Metopium toxiferum, Florida poisontree
morumicr.zip, Morus microphylla, Texas mulberry
morurubr.zip, Morus rubra, red mulberry
myrcfrag.zip, Myrcianthes fragrans, twinberry stopper
myricali.zip, Myrica californica, Pacific bayberry
myriceri.zip, Myrica cerifera, southern bayberry
myrihete.zip, Myrica heterophylla, evergreen bayberry
myriinod.zip, Myrica inodora, odorless bayberry
myripens.zip, Myrica pensylvanica, northern bayberry
nectcori.zip, Nectandra coriacea, Florida nectandra
nemocoll.zip, Nemopanthus collinus, mountain holly
nolibige.zip, Nolina bigelovii, Bigelow nolina
nyssaqua.zip, Nyssa aquatica, water tupelo
nyssogec.zip, Nyssa ogeche, Ogeechee tupelo
nysssylv.zip, Nyssa sylvatica, black tupelo, blackgum
olneteso.zip, Olneya tesota, tesota
opunfulg.zip, Opuntia fulgida, jumping cholla
osmaamer.zip, Osmanthus americanus, devilwood
ostrchis.zip, Ostrya chisosensis, Chisos hophornbean
ostrknow.zip, Ostrya knowltonii, Knowlton hophornbeam
ostrvirg.zip, Ostrya virginiana, eastern hophornbeam
oxydarbo.zip, Oxydendrum arboreum, sourwood
parkacul.zip, Parkinsonia aculeata, Jerusalem thorn
persborb.zip, Persea borbonia, redbay
photarbu.zip, Photinia arbutifolia, Christmas berry
picebrew.zip, Picea breweriana, Brewer spruce
picechih.zip, Picea chihuahuana, chihuahua spruce
piceenge.zip, Picea engelmannii, Engelmann spruce
piceglau.zip, Picea glauca, white spruce
picemari.zip, Picea mariana, black spruce
picepung.zip, Picea pungens, blue spruce
picerube.zip, Picea rubens, red spruce
picesitc.zip, Picea sitchensis, Sitka spruce
picrpent.zip, Picramnia pentandra , bitterbush
pincpube.zip, Pinckneya pubens, pinckneya
pinualbi.zip, Pinus albicaulis, whitebark pine
pinuaris.zip, Pinus aristata, bristlecone pine
pinuatte.zip, Pinus attenuata, knobcone pine
pinuayac.zip, Pinus ayacahuite, Mexican white pine
pinubalf.zip, Pinus balfouriana, foxtail pine
pinubank.zip, Pinus banksiana, jack pine
pinucari.zip, Pinus caribaea, Caribbean pine
pinucemb.zip, Pinus cembroides, Mexican pinyon
pinuclau.zip, Pinus clausa, sand pine
pinucont.zip, Pinus contorta, lodgepole pine
pinucoop.zip, Pinus cooperi, Cooper pine
pinucoul.zip, Pinus coulteri, Coulter pine
pinucube.zip, Pinus cubensis, Cuban pine
pinuculm.zip, Pinus culminicola, Potosi pinyon
pinudoug.zip, Pinus douglasiana, Douglas pine
pinudura.zip, Pinus durangensis, Durango pine
pinuechi.zip, Pinus echinata, shortleaf pine
pinuedul.zip, Pinus edulis, pinyon
pinuelli.zip, Pinus elliottii, slash pine
pinuenge.zip, Pinus engelmannii, Apache pine
pinuflex.zip, Pinus flexilis, limber pine
pinuglab.zip, Pinus glabra, spruce pine
pinugreg.zip, Pinus greggii, Gregg pine
pinuhart.zip, Pinus hartwegii, Hartweg pine
pinujeff.zip, Pinus jeffreyi, Jeffrey pine
pinulamb.zip, Pinus lambertiana, sugar pine
pinulaws.zip, Pinus lawsonii, Lawson pine
pinuleio.zip, Pinus leiophylla, Chihuahua pine
pinulong.zip, Pinus longaeva , Intermountain bristlecone pine
pinulumh.zip, Pinus lumholtzii, Lumholtz pine
pinumaxi.zip, Pinus maximartinezii, Mart?nez pinyon
pinumich.zip, Pinus michoacana, Michoac√ün pine
pinumono.zip, Pinus monophylla, singleleaf pinyon
pinumont.zip, Pinus monticola, western white pine
pinumtez.zip, Pinus montezumae, Montezuma pine
pinumuri.zip, Pinus muricata, bishop pine
pinunels.zip, Pinus nelsonii, Nelson pinyon
pinuocci.zip, Pinus occidentalis, West Indian pine
pinuooca.zip, Pinus oocarpa, Nicaraguan pitch pine; ocote pine
pinupalu.zip, Pinus palustris, longleaf pine
pinupatu.zip, Pinus patula, Mexican weeping pine
pinupinc.zip, Pinus pinceana, Pince pinyon
pinupond.zip, Pinus ponderosa, ponderosa pine
pinuprin.zip, Pinus pringlei, Pringle pine
pinupseu.zip, Pinus pseudostrobus, False Weymouth pine
pinupung.zip, Pinus pungens, Table Mountain pine
pinuquad.zip, Pinus quadrifolia, Parry pinyon
pinuradi.zip, Pinus radiata, Monterey pine
pinuresi.zip, Pinus resinosa, red pine
pinurigi.zip, Pinus rigida, pitch pine
pinusabi.zip, Pinus sabiniana, Digger pine
pinusero.zip, Pinus serotina, pond pine
pinustrb.zip, Pinus strobus, eastern white pine
pinustro.zip, Pinus strobiformis, southwestern white pine
pinutaed.zip, Pinus taeda, loblolly pine
pinuteoc.zip, Pinus teocote, Twisted  leaves pine; Aztec pine
pinutorr.zip, Pinus torreyana, Torrey pine
pinutrop.zip, Pinus tropicalis, tropical pine
pinuvirg.zip, Pinus virginiana, Virginia pine
pinuwash.zip, Pinus washoensis, Washoe pine
piscpisc.zip, Piscidia piscipula, Florida fishpoison tree
pisorotu.zip, Pisonia rotundata, pisonia
pisttexa.zip, Pistacia texana, Texas pistache
pithflex.zip, Pithecellobium flexicaule, ebony blackbead
pithguad.zip, Pithecellobium guadalupense, Guadeloupe blackbead
pithpall.zip, Pithecellobium pallens, huajillo
pithungu.zip, Pithecellobium unguis-cati, catclaw blackbead
planaqua.zip, Planera aquatica, planertree
platocci.zip, Platanus occidentalis, American sycamore
platrace.zip, Platanus racemosa, California sycamore
platwrig.zip, Platanus wrightii, Arizona sycamore
popuangu.zip, Populus angustifolia, narrowleaf cottonwood
popuariz.zip, Populus arizonica, Arizona cottonwood
popubals.zip, Populus balsamifera, balsam poplar
popudelt.zip, Populus deltoides, eastern cottonwood
popufrem.zip, Populus fremontii, Fremont cottonwood
popugran.zip, Populus grandidentata, bigtooth aspen
popuhete.zip, Populus heterophylla, swamp cottonwood
popuhinc.zip, Populus hinckleyana, Hinckley cottonwood
poputrem.zip, Populus tremuloides, quaking aspen
poputric.zip, Populus trichocarpa, black cottonwood
prosjuli.zip, Prosopis juliflora, mesquite
prospube.zip, Prosopis pubescens, screwbean mesquite
prunalle.zip, Prunus alleghaniensis, Allegheny plum
prunamer.zip, Prunus americana, American plum
prunangu.zip, Prunus angustifolia, Chickasaw plum
pruncaro.zip, Prunus caroliniana, Carolina laurelcherry
prunemar.zip, Prunus emarginata, bitter cherry
prunfrem.zip, Prunus fremontii, desert apricot
prunhort.zip, Prunus hortulana, hortulan plum
prunilic.zip, Prunus ilicifolia, hollyleaf cherry
prunlyon.zip, Prunus lyonii, Catalina cherry
prunmexi.zip, Prunus mexicana, Mexican plum
prunmuns.zip, Prunus munsoniana, wildgoose plum
prunmyrt.zip, Prunus myrtifolia, West Indies cherry
prunnigr.zip, Prunus nigra, Canada plum
prunpens.zip, Prunus pensylvanica, pin cherry
prunsero.zip, Prunus serotina, black cherry
prunsubc.zip, Prunus subcordata, Klamath plum
prunumbe.zip, Prunus umbellata, flatwoods plum
prunvirg.zip, Prunus virginiana, common chokecherry
pseumacr.zip, Pseudotsuga macrocarpa, bigcone Douglas fir
pseumenz.zip, Pseudotsuga menziesii, Douglas fir
pseusarg.zip, Pseudophoenix sargentii, buccaneer palm
psidlong.zip, Psidium longipes, long stalk stopper
ptelcren.zip, Ptelea crenulata, California hoptree
pteltrif.zip, Ptelea trifoliata, common hoptree
queragri.zip, Quercus agrifolia, California live oak
querajoe.zip, Quercus ajoensis, Ajo oak
queralba.zip, Quercus alba, white oak
querariz.zip, Quercus arizonica, Arizona white oak
querarka.zip, Quercus arkansana, Arkansas oak
querbico.zip, Quercus bicolor, swamp white oak
querchap.zip, Quercus chapmanii, Chapman oak
querchry.zip, Quercus chrysolepis, canyon live oak
quercocc.zip, Quercus coccinea, scarlet oak
querdoug.zip, Quercus douglasii, blue oak
querdunn.zip, Quercus dunnii, Dunn oak
querdura.zip, Quercus durandii, Durand oak
querelli.zip, Quercus ellipsoidalis, northern pin oak
queremor.zip, Quercus emoryi, Emory oak
querenge.zip, Quercus engelmannii, Engelmann oak
querfalc.zip, Quercus falcata, southern red oak
quergamb.zip, Quercus gambelii, Gambel oak
quergarr.zip, Quercus garryana, Oregon white oak
quergeor.zip, Quercus georgiana, Georgia oak
querglau.zip, Quercus glaucoides, Lacey oak
quergrac.zip, Quercus graciliformis, Chisos oak
quergrav.zip, Quercus gravesii, Graves oak incl. Q. tardifolia (Muller) lateleaf oak
quergris.zip, Quercus grisea, gray oak
querhava.zip, Quercus havardii, Havard oak
querhypo.zip, Quercus hypoleucoides, silverleaf oak
querilic.zip, Quercus ilicifolia, bear oak
querimbr.zip, Quercus imbricaria, shingle oak
querinca.zip, Quercus incana, bluejack oak
querkell.zip, Quercus kelloggii, California black oak
querlaev.zip, Quercus laevis, turkey oak
querlaur.zip, Quercus laurifolia, laurel oak
querloba.zip, Quercus lobata, California white oak
querlyra.zip, Quercus lyrata, overcup oak
quermacd.zip, Quercus macdonaldii, McDonald oak
quermacr.zip, Quercus macrocarpa, bur oak
quermari.zip, Quercus marilandica, blackjack oak
quermich.zip, Quercus michauxii, swamp chestnut oak
quermohr.zip, Quercus mohriana, Mohrs oak
quermueh.zip, Quercus muehlenbergii, chinkapin oak
quermyrt.zip, Quercus myrtifolia, myrtle oak
quernigr.zip, Quercus nigra, water oak
quernutt.zip, Quercus nuttallii, Nuttall oak
queroblo.zip, Quercus oblongifolia, Mexican blue oak
querogle.zip, Quercus oglethorpensis, Oglethorpe oak
querpalu.zip, Quercus palustris, pin oak
querphel.zip, Quercus phellos, willow oak
querprin.zip, Quercus prinus, chestnut oak
querpung.zip, Quercus pungens, sandpaper oak
querrubr.zip, Quercus rubra, northern red oak
querrugo.zip, Quercus rugosa, netleaf oak
quershum.zip, Quercus shumardii, Shumard oak
querstel.zip, Quercus stellata, post oak
quertome.zip, Quercus tomentella, island live oak
quertoum.zip, Quercus toumeyi, Toumey oak
querturb.zip, Quercus turbinella, shrub live oak
quervelu.zip, Quercus velutina, black oak
quervirg.zip, Quercus virginiana, live oak
querwisl.zip, Quercus wislizeni, interior live oak
rapapunc.zip, Rapanea punctata, Florida rapanea
reynsept.zip, Reynosia septentrionalis, darling plum
rhambetu.zip, Rhamnus betulaefolia, birchleaf buckthorn
rhamcali.zip, Rhamnus californica, California buckthorn
rhamcaro.zip, Rhamnus caroliniana, Carolina buckthorn
rhamcroc.zip, Rhamnus crocea, hollyleaf buckthorn
rhampurs.zip, Rhamnus purshiana, cascara buckthorn
rhizmang.zip, Rhizophora mangle, mangrove
rhodcata.zip, Rhododendron catawbiense, Catawba rhododendron
rhodmacr.zip, Rhododendron macrophyllum, Pacific rhododendron
rhodmaxi.zip, Rhododendron maximum, rosebay rhododendron
rhuschor.zip, Rhus choriophylla, Mearns sumac
rhuscopa.zip, Rhus copallina, shining sumac
rhusglab.zip, Rhus glabra, smooth sumac
rhusinte.zip, Rhus integrifolia, lemonade sumac
rhuskear.zip, Rhus kearneyi, Kearney sumac
rhuslanc.zip, Rhus lanceolata, prairie sumac
rhuslaur.zip, Rhus laurina, laurel sumac
rhusmicr.zip, Rhus microphylla, littleleaf sumac
rhusovat.zip, Rhus ovata, sugar sumac
rhustyph.zip, Rhus typhina, staghorn sumac
robikels.zip, Robinia kelseyi, Kelsey locust
robineom.zip, Robinia neomexicana, New Mexican locust
robipseu.zip, Robinia pseudoacacia, black locust
robivisc.zip, Robinia viscosa, clammy locust
royselat.zip, Roystonea elata, Florida royalpalm
sabamexi.zip, Sabal mexicana, Mexican palmetto
sabamino.zip, Sabal minor, dwarf palmetto
sabapalm.zip, Sabal palmetto, cabbage palmetto
salialax.zip, Salix alaxensis, feltleaf willow
saliamyg.zip, Salix amygdaloides, peachleaf willow
saliarbu.zip, Salix arbusculoides, peachleaf willow
salibebb.zip, Salix bebbiana, Bebb willow
salibonp.zip, Salix bonplandiana, Bonpland willow
salicaro.zip, Salix caroliniana, Coastal Plain willow
salidisc.zip, Salix discolor, pussy willow
saliexig.zip, Salix exigua, coyote willow
saliflor.zip, Salix floridana, Florida willow
salifluv.zip, Salix fluviatilis, river willow
saligeye.zip, Salix geyeriana, Geyer willow
salihind.zip, Salix hindsiana, Hinds willow
salihook.zip, Salix hookeriana, Hooker willow
salilaev.zip, Salix laevigata, red willow
salilasi.zip, Salix lasiandra, Pacific willow
salilaso.zip, Salix lasiolepis, arroyo willow
saliluci.zip, Salix lucida, shining willow
salimack.zip, Salix mackenzieana, Mackenzie willow
salinigr.zip, Salix nigra, black willow
salipell.zip, Salix pellita, satiny willow
salipeti.zip, Salix petiolaris, meadow willow
salipyri.zip, Salix pyrifolia, balsam willow
saliscou.zip, Salix scouleriana, Scouler willow
saliseri.zip, Salix sericea, silky willow
salisess.zip, Salix sessilifolia, northwest willow
salisitc.zip, Salix sitchensis, Sitka willow
salitaxi.zip, Salix taxifolia, yewleaf willow
salitrac.zip, Salix tracyi, Tracy willow
sambcall.zip, Sambucus callicarpa, Pacific red elder
sambcana.zip, Sambucus canadensis, American elder
sambglau.zip, Sambucus glauca, blueberry elder
sambmela.zip, Sambucus melanocarpa, blackbead elder
sambmexi.zip, Sambucus mexicana, Mexican elder
sambvelu.zip, Sambucus velutina, velvet elder
sapibilo.zip, Sapium biloculare, jumping bean sapium
sapidrum.zip, Sapindus drummondii, western soapberry
sapisapo.zip, Sapindus saponaria, wingleaf soapberry
sassalbi.zip, Sassafras albidum, sassafras
savibaha.zip, Savia bahamensis, maidenbush
schafrut.zip, Schaefferia frutescens, Florida boxwood
schochry.zip, Schoepfia chrysophylloides, graytwig
sequgiga.zip, Sequoiadendron giganteum, giant sequoia
sequsemp.zip, Sequoia sempervirens, redwood
sererepe.zip, Serenoa repens, saw palmetto
sheparge.zip, Shepherdia argentea, silver buffaloberry
simaglau.zip, Simarouba glauca, paradise tree
solaeria.zip, Solanum erianthum, mullein nightshade
sophaffi.zip, Sophora affinis, Texas sophora
sophsecu.zip, Sophora secundiflora, mescalbean
sorbamer.zip, Sorbus americana, American mountain ash
sorbdeco.zip, Sorbus decora, showy mountain ash
sorbscop.zip, Sorbus scopulina, Greene mountain ash
sorbsitc.zip, Sorbus sitchensis, Sitka mountain ash
stapbola.zip, Staphylea bolanderi, Sierra bladdernut
staptrif.zip, Staphylea trifolia, American bladdernut
stewmala.zip, Stewartia malacodendron, Virginia stewartia
stewovat.zip, Stewartia ovata, mountain stewartia
styramer.zip, Styrax americana, American snowbell
styrgran.zip, Styrax grandifolia, bigleaf snowbell
styrplat.zip, Styrax platanifolia, sycamore leaf snowbell
surimari.zip, Suriana maritima, baycedar
swiemaha.zip, Swietenia mahagoni, West Indies mahogany
symptinc.zip, Symplocos tinctoria, common sweetleaf
taxodist.zip, Taxodium distichum, baldcypress
taxomucr.zip, Taxodium mucronatum, Montezuma baldcypress
taxubrev.zip, Taxus brevifolia, Pacific yew
taxucana.zip, Taxus canadensis, Canada yew
taxuflor.zip, Taxus floridana, Florida yew
tetrbico.zip, Tetrazygia bicolor, Florida tetrazygia
thrimorr.zip, Thrinax morrisii, key thatchpalm
thriradi.zip, Thrinax radiata, Florida thatchpalm
thujocci.zip, Thuja occidentalis, northern white cedar
thujplic.zip, Thuja plicata, western redcedar
tiliamer.zip, Tilia americana, American basswood
tilicaro.zip, Tilia caroliniana, Carolina basswood
tilihete.zip, Tilia heterophylla, white basswood
torrcali.zip, Torreya californica, California torreya
torrtaxi.zip, Torreya taxifolia, Florida torreya
toxivern.zip, Toxicodendron vernix, poison sumac
tremlama.zip, Trema lamarckiana, West Indies trema
tremmicr.zip, Trema micrantha, Florida trema
tsugcana.zip, Tsuga canadensis, eastern hemlock
tsugcaro.zip, Tsuga caroliniana, Carolina hemlock
tsughete.zip, Tsuga heterophylla, western hemlock
tsugmert.zip, Tsuga mertensiana, mountain hemlock
ulmualat.zip, Ulmus alata, winged elm
ulmuamer.zip, Ulmus americana, American elm
ulmucras.zip, Ulmus crassifolia, cedar elm
ulmurubr.zip, Ulmus rubra, slippery elm
ulmusero.zip, Ulmus serotina, September elm
ulmuthom.zip, Ulmus thomasii, rock elm
umbecali.zip, Umbellularia californica, California laurel
ungnspec.zip, Ungnadia speciosa, Mexican buckeye
vaccarbo.zip, Vaccinium arboreum, tree sparkleberry
vauqcali.zip, Vauquelinia californica, Torrey vauquelinia
vauqpauc.zip, Vauquelinia pauciflora, fewflower vauquelinia
vibulent.zip, Viburnum lentago, nannyberry
vibunudu.zip, Viburnum nudum, possumhaw viburnum
vibuobov.zip, Viburnum obovatum, Walter viburnum
vibuprun.zip, Viburnum prunifolium, blackhaw
viburufi.zip, Viburnum rufidulum, rusty blackhaw
vibutril.zip, Viburnum trilobum, American cranberrybush
washfili.zip, Washingtonia filifera, California washingtonia
ximeamer.zip, Ximenia americana, tallowwood
yuccaloi.zip, Yucca aloifolia, aloe yucca
yuccbrev.zip, Yucca brevifolia, Joshua tree
yucccarn.zip, Yucca carnerosana, Carneros yucca
yuccelat.zip, Yucca elata, soaptree yucca
yuccfaxo.zip, Yucca faxoniana, Faxon yucca
yuccglor.zip, Yucca gloriosa, moundlily yucca
yuccmoha.zip, Yucca mohavensis, Mohave yucca
yuccrost.zip, Yucca rostrata, beaked yucca
yuccscho.zip, Yucca schottii, Schotts yucca
yucctorr.zip, Yucca torreyi, Torrey yucca
yucctrec.zip, Yucca treculeana, Trecul yucca
zantamer.zip, Zanthoxylum americanum, common prickly ash
zantclav.zip, Zanthoxylum clava-herculis, Hercules club
zantcori.zip, Zanthoxylum coriaceum, Biscayne prickly ash
zantfaga.zip, Zanthoxylum fagara, lime prickly ash
zantflav.zip, Zanthoxylum flavum, West Indies satinwood
zanthirs.zip, Zanthoxylum hirsutum, Texas Hercules club
